"key","source","target"
"ui.activityRewardPanel.expLabel","XP","XP"
"ui.activityRewardPanel.rewardsLabel","Rewards","المكافآت"
"ui.activityScreen.backLabel","BACK","الرجوع"
"ui.activityScreen.bountiesCategoryLabel","BOUNTIES","المكافآت"
"ui.activityScreen.bountiesRewardLabelDay1","Day 1","يوم ١"
"ui.activityScreen.bountiesRewardLabelDay2","Day 2","يوم 2"
"ui.activityScreen.bountiesRewardLabelDay3","Day 3","يوم 3"
"ui.activityScreen.bountiesRewardLabelDay4","Day 4","يوم 4"
"ui.activityScreen.bountiesRewardLabelDay5","Day 5","يوم 5"
"ui.activityScreen.bountiesRewardLabelDay6","Day 6","يوم 6"
"ui.activityScreen.bountiesRewardLabelDay7","Day 7","يوم 7"
"ui.activityScreen.challengesCategoryLabel","CHALLENGES","التحديات"
"ui.activityScreen.maxPins","Max pins reached","تم الوصول للحد الأقصى من العلامات"
"ui.activityScreen.noBountiesLabel","You have no bounties.","ليس لديك اي مكافآت."
"ui.activityScreen.noChallengesLabel","You have no challenges.","ليس لديك تحديات."
"ui.activityScreen.noQuestsLabel","You have no quests.","ليس لديك مهام."
"ui.activityScreen.pinToLog","Pin to HUD Log","تثبيت في واجهة اللعب"
"ui.activityScreen.progressLabel","Progress: ","التقدم: "
"ui.activityScreen.questsCategoryLabel","QUESTS","المهام"
"ui.activityScreen.showOnMapLabel","SHOW ON MAP","إظهار على الخريطة"
"ui.activityScreen.targetCountLabel","Amount","الكميه"
"ui.activityScreen.targetEnemyLocationLabel","Location","الموقع"
"ui.activityScreen.targetEnemyTypeLabel","Target","الهدف"
"ui.activityScreen.targetWeaponTypeLabel","Weapon","السلاح"
"ui.activityScreen.unpinToLog","Unpin from HUD Log","إلغاء التثبيت من واجهة اللعب"
"ui.activityVendorScreen.abandonBountyLabel","ABANDON BOUNTY","التخلي عن المكافأة"
"ui.activityVendorScreen.abandonBountyPromptLabel","All progress will be lost. 
Would you like to abandon the current Bounty?","سيتم فقدان كل التقدم.
هل تريد التخلي عن المكافأة الحالية؟"
"ui.activityVendorScreen.abandonChallengeLabel","ABANDON CHALLENGE","التخلي عن التحدي"
"ui.activityVendorScreen.abandonChallengePromptLabel","All progress will be lost.
Any contributions, if made, will be forfeited.
Would you like to abandon the current Challenge?","سيتم فقدان كل التقدم.
أي مساهمات، إن وُجدت، سيتم التنازل عنها.
هل تريد التخلي عن التحدي الحالي؟"
"ui.activityVendorScreen.acceptBountyLabel","ACCEPT BOUNTY","قبول المكافأة"
"ui.activityVendorScreen.acceptChallengeLabel","ACCEPT CHALLENGE","قبول التحديات"
"ui.activityVendorScreen.bountiesTitleLabel","BOUNTIES","مكافآت الصيد"
"ui.activityVendorScreen.bountyHits","HITS","ضربات"
"ui.activityVendorScreen.bountyHunts","HUNTS","مطاردات"
"ui.activityVendorScreen.challengeGrand","GRAND CHALLENGES","التحديات الكبرى"
"ui.activityVendorScreen.challengeQuick","QUICK DARES","تحديات سريعة"
"ui.activityVendorScreen.challengessTitleLabel","CHALLENGES","التحديات"
"ui.activityVendorScreen.closeLabel","CLOSE","إغلاق"
"ui.activityVendorScreen.kill","Kill {0}","اقتل {0}"
"ui.activityVendorScreen.kills","Kills","القتلى"
"ui.activityVendorScreen.noLabel","No","لا"
"ui.activityVendorScreen.outOfBountiesLabel","I'm out of Bounties to give.
Please check back tomorrow.","لقد نفذت المكافآت التي يمكنني تقديمها.
يرجى العودة غدًا."
"ui.activityVendorScreen.outOfBountiesWeeklyLabel","I'm out of Bounties to give.
Please check back next week","لقد نفذت المكافآت التي يمكنني تقديمها.
يرجى العودة الأسبوع المقبل"
"ui.activityVendorScreen.outOfChallengesLabel","I'm out of Challenges to give.
Please check back tomorrow.","لقد نفذت التحديات التي يمكنني تقديمها.
يرجى العودة غدًا."
"ui.activityVendorScreen.outOfChallengesWeeklyLabel","I'm out of Challenges to give.
Please check back next week","لقد نفدت التحديات التي يمكنني تقديمها.
يرجى العودة الأسبوع المقبل"
"ui.activityVendorScreen.replaceBountyLabel","REPLACE BOUNTY","استبدال المكافأة"
"ui.activityVendorScreen.replaceBountyPromptLabel","Would you like to abandon the current Bounty and accept this one instead?","هل ترغب في التخلي عن المكافأة الحالية وقبول هذه بدلاً منها؟"
"ui.activityVendorScreen.replaceChallengeLabel","REPLACE CHALLENGE","استبدال التحدي"
"ui.activityVendorScreen.replaceChallengePromptLabel","Would you like to abandon the current Challenge and accept this one instead?","هل ترغب في التخلي عن التحدي الحالي وقبول هذا التحدي بدلاً منه؟"
"ui.activityVendorScreen.selectBountyLabel","SELECT BOUNTY","اختر المكافأة"
"ui.activityVendorScreen.selectChallengeLabel","SELECT CHALLENGE","اختر التحدي"
"ui.activityVendorScreen.turnInBountyLabel","TURN IN BOUNTY","استلام مكافأة المهمة"
"ui.activityVendorScreen.turnInChallengeLabel","TURN IN CHALLENGE","استلام مكافأة التحدي"
"ui.activityVendorScreen.use","Use {0}","استخدم {0}"
"ui.activityVendorScreen.yesLabel","Yes","نعم"
"ui.areas.dangerLevel.dangerLevelTitle","Danger Level","مستوى الخطورة"
"ui.areas.dangerLevel.dangerousDangerLevel","Dangerous","خطر"
"ui.areas.dangerLevel.deadlyDangerLevel","Deadly","شديد الخطورة"
"ui.areas.dangerLevel.riskyDangerLevel","Moderate","متوسط"
"ui.areas.dangerLevel.safeDangerLevel","Safe","آمن"
"ui.bonfireScreen.cleanseCooldownTooltip","This area has been recently cleansed and resources can't be burned here to infect it again right now.","تم تطهير هذه المنطقة مؤخرًا، ولا يمكن حرق الموارد فيها حاليًا لإصابتها بالوباء من جديد."
"ui.bonfireScreen.cook","Cook","اطبخ"
"ui.boonScreen.BoonTitle","Echoes","الأصداء"
"ui.boonScreen.FloorNr01","I","I"
"ui.boonScreen.FloorNr02","II","II"
"ui.boonScreen.FloorNr03","III","III"
"ui.boonScreen.FloorNr04","IV","IV"
"ui.boonScreen.FloorNr05","V","V"
"ui.boonScreen.FloorNr06","VI","VI"
"ui.boonScreen.FloorNr07","VII","VII"
"ui.boonScreen.FloorNr08","VIII","VIII"
"ui.boonScreen.FloorNr09","IX","IX"
"ui.boonScreen.FloorNr10","X","X"
"ui.boonScreen.FloorNr11","XI","XI"

l10n_main
"ui.boonScreen.Heal","Heal {0}%","شفاء {0}%"
"ui.boonScreen.RarityBlue","Rare","نادر"
"ui.boonScreen.RarityCommon","Common","شائع"
"ui.boonScreen.RarityGold","Unique","فريد"
"ui.boonScreen.RarityPurple","Plagued","موبوء"
"ui.boonScreen.Reroll","to re-roll selected","لإعادة سحب المختار"
"ui.boonScreen.RerollAll","to re-roll all","لإعادة سحب الكل"
"ui.boonScreen.Types.CriticalDamage","Critical Damage","ضرر الضربة الحرجة"
"ui.boonScreen.Types.Damage","Damage","الضرر"
"ui.boonScreen.Types.Elemental","Elemental","عنصري"
"ui.boonScreen.Types.Enchantment","Enchantment","التعزيز السحري"
"ui.boonScreen.Types.Equipment","Equipment","العتاد"
"ui.boonScreen.Types.Fire","Fire","النار"
"ui.boonScreen.Types.Focus","Focus","التركيز"
"ui.boonScreen.Types.Health","Health","الصحة"
"ui.boonScreen.Types.Ice","Ice","الجليد"
"ui.boonScreen.Types.Lightning","Lightning","البرق"
"ui.boonScreen.Types.Luck","Luck","الحظ"
"ui.boonScreen.Types.Plagued","Plagued","موبوء"
"ui.boonScreen.Types.Punishment","Punishment","العقاب"
"ui.boonScreen.Types.Rush","Rush","الاندفاع"
"ui.boonScreen.Types.Stamina","Stamina","التحمل"
"ui.boonScreen.Types.Utility","Utility","المنفعة"
"ui.builderProjects.buildingProjects","Building Projects","مشاريع البناء"
"ui.builderProjects.completedProjects","Completed Projects","المشاريع المكتملة"
"ui.builderProjects.confirmContribution","Confirm Contribution","تأكيد المساهمة"
"ui.builderProjects.contributeAll","CONTRIBUTE ALL","المساهمة بالكل"
"ui.builderProjects.contributeLess","Contribute Less","مساهمة أقل"
"ui.builderProjects.contributeMore","Contribute More","مساهمة أكثر"
"ui.builderProjects.contributeResources","Contribute Resources?","المساهمة بالموارد؟"
"ui.builderProjects.descriptionNotSet","Description Not Set","لم يُحدد الوصف"
"ui.builderProjects.inProgress","Projects in progress","مشاريع قيد التنفيذ"
"ui.builderProjects.ownedLabel","Owned:","المملوك:"
"ui.builderProjects.requiredMaterials","Required Materials:","المواد المطلوبة:"
"ui.builderProjects.screenTitle","Rebuilding Sacrament","إعادة بناء ساكرامنت"
"ui.builderProjects.selectProject","Select Project","اختر المشروع"
"ui.builderProjects.timeNeeded","Time Needed","الوقت المطلوب"
"ui.builderProjects.timeRemaining","Time Remaining","الوقت المتبقي"
"ui.characterCreation.acceptChanges","Accept Changes","قبول التغييرات"
"ui.characterCreation.charAlreadyInUse","Character name already in use.","اسم الشخصية مستخدم."
"ui.characterCreation.chinPosition","Chin position","موضع الذقن"
"ui.characterCreation.chinWidth","Chin width","عرض الذقن"
"ui.characterCreation.createCharacter","Create Character","إنشاء شخصية"
"ui.characterCreation.createNewCharacter","Create New Character","إنشاء شخصية جديدة"
"ui.characterCreation.deleteCharacter","Delete Character","حذف الشخصية"
"ui.characterCreation.deleteConfirmation","Are you sure you want to delete {0}?","هل أنت متأكد من رغبتك في حذف {0}؟"
"ui.characterCreation.enterYourName","Enter your name","أدخل اسمك"
"ui.characterCreation.eyebrowsPosition","Eyebrows position","موضع الحاجبين"
"ui.characterCreation.eyesDistance","Eyes distance","المسافة بين العينين"
"ui.characterCreation.eyesPosition","Eyes position","موضع العينين"
"ui.characterCreation.eyesSize","Eyes size","حجم العينين"
"ui.characterCreation.facePresets","Face presets","إعدادات مسبقة للوجه"
"ui.characterCreation.facialHair","Facial hair","شعر الوجه"
"ui.characterCreation.hairStyle","Hair style","تسريحة الشعر"
"ui.characterCreation.hardcoreDescription","Any death is final. You cannot be spoken anew.","الموت هنا لا رجعة فيه، ولن يُهمس باسمك مجدداً."
"ui.characterCreation.invalidInput","Invalid input.","إدخال غير صالح."
"ui.characterCreation.invalidName","Invalid name.","اسم غير صالح."
"ui.characterCreation.jawPosition","Jaw position","موضع الفك"
"ui.characterCreation.jawWidth","Jaw width","عرض الفك"
"ui.characterCreation.lipsSize","Lips size","حجم الشفتين"
"ui.characterCreation.mouseWidth","Mouth width","عرض الفم"
"ui.characterCreation.mouthPosition","Mouth position","موضع الفم"
"ui.characterCreation.nosePosition","Nose position","موضع الأنف"
"ui.characterCreation.noseWidth","Nose width","عرض الأنف"
"ui.characterCreation.selectAPreset","Select a preset","اختر إعداداً مسبقاً"
"ui.characterCreation.selectCharacter","Select Character","اختر الشخصية"
"ui.characterCreation.setPosition","Set Position","تعيين الموضع"
"ui.comfortSystem.bare","Bare","خالٍ"
"ui.comfortSystem.baseScore","Base Score","النقاط الأساسية"
"ui.comfortSystem.basic","Basic","أساسي"
"ui.comfortSystem.buffsApplied","Buffs Applied","التعزيزات المطبقة"
"ui.comfortSystem.categories","Categories","الفئات"
"ui.comfortSystem.category.bedding","Bedding","المفارش"
"ui.comfortSystem.category.decoration","Decoration","الزينة"
"ui.comfortSystem.category.lighting","Lighting","الإضاءة"
"ui.comfortSystem.category.nature","Nature","الطبيعة"
"ui.comfortSystem.category.seating","Seating","المقاعد"
"ui.comfortSystem.category.storage","Storage","التخزين"
"ui.comfortSystem.category.table","Table","الطاولات"
"ui.comfortSystem.category.utility","Utility","المرافق"
"ui.comfortSystem.categoryVariety","Category Variety","تنوع الفئات"
"ui.comfortSystem.comfort","Comfort","الراحة"
"ui.comfortSystem.comfortGrade","Comfort Grade","درجة الراحة"
"ui.comfortSystem.comfortable","Comfortable","مريح"
"ui.comfortSystem.cozy","Cozy","دافئ"
"ui.comfortSystem.finalScore","Final Score","النقاط النهائية"
"ui.comfortSystem.itemVariety","Item Variety","تنوع العناصر"
"ui.comfortSystem.itemsPlaced","Items Placed","العناصر الموضوعة"
"ui.comfortSystem.luxurious","Luxurious","فاخر"
"ui.comfortSystem.noBuffs","No Buffs Applied","لا توجد تعزيزات مطبقة"
"ui.comfortSystem.opulent","Opulent","مترف"
"ui.comfortSystem.qualityBonus","Quality Bonus","مكافأة الجودة"
"ui.comfortSystem.tier1","[StatMaxHealth] <b>Max Health</b> increased by {0}","[StatMaxHealth] زيادة <b>الحد الأقصى للصحة</b> بمقدار {0}"
"ui.comfortSystem.tier2","[StatMaxHealth] <b>Max Health</b> increased by {0}
[StatMaxStamina] <b>Max Stamina</b> increased by {1}","[StatMaxHealth] <b>Max Health</b> increased by {0}
[StatMaxStamina] <b>Max Stamina</b> increased by {1}"
"ui.comfortSystem.tier3","[StatMaxHealth] <b>Max Health</b> increased by {0}
[StatMaxStamina] <b>Max Stamina</b> increased by {1}
[StatMaxFocus] <b>Max Focus</b> increased by {2}","[StatMaxHealth] <b>Max Health</b> increased by {0}
[StatMaxStamina] <b>Max Stamina</b> increased by {1}
[StatMaxFocus] <b>Max Focus</b> increased by {2}"
"ui.comfortSystem.typeFilling","{0}% from {1} {2}","{0}% من {1} {2}"
"ui.comfortSystem.unique","Unique","فريد"
"ui.common.accept","Accept","قبول"
"ui.common.active","Active","نشط"
"ui.common.activities","Activities","الأنشطة"
"ui.common.all","All","الكل"
"ui.common.apply","Apply","تطبيق"
"ui.common.back","Back","رجوع"
"ui.common.blight","Blight","الآفة"
"ui.common.blueprints","Blueprints","المخططات"
"ui.common.bonfires","Fire Pits","مواقد النار"
"ui.common.brew","Brew","تحضير"
"ui.common.buy","Buy","شراء"
"ui.common.cancel","Cancel","إلغاء"
"ui.common.cerimWhispers","Whispers","الهمسات"
"ui.common.challenges","Challenges","التحديات"
"ui.common.character","Character","الشخصية"
"ui.common.cleanseWorld","Cleanse World","تطهير العالم"
"ui.common.close","Close","إغلاق"
"ui.common.collect","Collect","جمع"
"ui.common.compact","Compact","مدمج"
"ui.common.compare","Compare","مقارنة"
"ui.common.complete","Complete","إكمال"
"ui.common.completed","Completed","مكتمل"
"ui.common.confirm","Confirm","تأكيد"
"ui.common.contribute","CONTRIBUTE","المساهمة"
"ui.common.controlledBy","Controlled by: {0}","تحت سيطرة: {0}"
"ui.common.cook","Cook","طبخ"
"ui.common.cost","Cost","التكلفة"
"ui.common.craft","Craft","صناعة"
"ui.common.craftableAt","Craftable at <color=""orange"">{0}</color>.","يمكن صناعته عند <color=""orange"">{0}</color>."
"ui.common.create","Create","إنشاء"
"ui.common.crucibleVendorBuildProjects","Offerings","القرابين"
"ui.common.custom","Custom","مخصص"
"ui.common.customize","Customize","تخصيص"
"ui.common.day","day","يوم"
"ui.common.days","days","أيام"
"ui.common.decline","Decline","رفض"
"ui.common.decorations","Decorations","الزينة"
"ui.common.deposit","Deposit","إيداع"
"ui.common.depositSimilar","Deposit Similar","إيداع المشابه"
"ui.common.discard","Discard","تخلّص"
"ui.common.early","Early","مبكر"
"ui.common.effigyVendorOption","Effigy","المجسم"
"ui.common.empty","Empty","فارغ"
"ui.common.enchant","Enchant","سحر"
"ui.common.encumbered","Encumbered","مُثقل"
"ui.common.entitlements","Entitlements","المستحقات"
"ui.common.entrances","Doors","الأبواب"
"ui.common.equipped","Equipped","مجهز"
"ui.common.exalt","Exalt","تمجيد"
"ui.common.exaltScreen","Exalt Items","تمجيد العناصر"
"ui.common.exceptional","Exalted","مُمجد"
"ui.common.experience","Experience","الخبرة"
"ui.common.extract","Extract","استخراج"
"ui.common.extractable","Extractable","قابل للاستخراج"
"ui.common.eyes","Eyes","العينان"
"ui.common.face","Face","الوجه"
"ui.common.fallenEmberAddEnchantmentPrompt","Add Enchantment","إضافة تعزيز سحري"
"ui.common.fast","Fast","سريع"
"ui.common.filter","Filter:","تصفية:"
"ui.common.filters","Filters","عوامل التصفية"
"ui.common.firepit","Fire Pit","موقد النار"
"ui.common.food","Food","طعام"
"ui.common.for","For","لـ"
"ui.common.forge","Forge","حدادة"
"ui.common.free","Free","مجاني"
"ui.common.gain","Gain","اكتساب"
"ui.common.gear","Gear","العتاد"
"ui.common.gems","Gems","الجواهر"
"ui.common.hair","Hair","الشعر"
"ui.common.hardcore","Hardcore","صارم"
"ui.common.heavy","Heavy","ثقيل"
"ui.common.hint","Hint","تلميح"
"ui.common.holdButton","<size=80%><color=#808080>(Hold)</color></size>","<size=80%><color=#808080>(استمرار)</color></size>"
"ui.common.home","Home","المنزل"
"ui.common.hour","hour","ساعة"
"ui.common.hours","hours","ساعات"
"ui.common.housing","Housing","الإسكان"
"ui.common.hp","HP","نقاط الصحة"
"ui.common.ichorVendorOption","Plague Ichor","إيكور الوباء"
"ui.common.infuse","Infuse","شحن"
"ui.common.insight","Insight","بصيرة"
"ui.common.inspect","Inspect","فحص"
"ui.common.instant","Instant","فوري"
"ui.common.inventory","Inventory","المخزون"
"ui.common.items","Items","العناصر"

"ui.common.jawbone","Jawbone","عظم الفك"
"ui.common.join","Join","انضمام"
"ui.common.late","Late","متأخر"
"ui.common.leave","Leave","مغادرة"
"ui.common.level","Level","المستوى"
"ui.common.loot","Loot","غنائم"
"ui.common.lootAll","Loot All","أخذ الكل"
"ui.common.manage","Manage","إدارة"
"ui.common.map","Map","الخريطة"
"ui.common.matchmaking","Matchmaking","البحث عن جلسة"
"ui.common.minute","minute","دقيقة"
"ui.common.minutes","minutes","دقائق"
"ui.common.miscellaneous","Miscellaneous","متنوعات"
"ui.common.modalWindowAmount","Amount / Min, Max","الكمية / الأدنى، الأقصى"
"ui.common.mouth","Mouth","الفم"
"ui.common.name","Name","الاسم"
"ui.common.navigate","Navigate","تنقل"
"ui.common.no","No","لا"
"ui.common.none","None","لا يوجد"
"ui.common.normal","Normal","عادي"
"ui.common.nose","Nose","الأنف"
"ui.common.off","OFF","إيقاف"
"ui.common.ok","Ok","موافق"
"ui.common.on","ON","تشغيل"
"ui.common.orButton","<size=80%>or</size>","<size=80%>أو</size>"
"ui.common.patterns","Patterns","النقوش"
"ui.common.plague","Plague","